replicate,task,instance_id,source_row_id,post_id,true_label,predicted_label,seed,successful_attempt
0,absa,real::row_0001,row_0001,qz34x8,0,0,4214452536,1
0,absa,real::row_0006,row_0006,hkimr0,1,1,2498694597,1
0,absa,real::row_0007,row_0007,hzi5rm,1,1,62448585,1
0,absa,real::row_0017,row_0017,yu7tql,1,1,3959179157,1
0,absa,real::row_0019,row_0019,gizbls,0,1,51385013,1
0,absa,real::row_0020,row_0020,10hhb4z,0,1,2282673683,1
0,absa,real::row_0022,row_0022,15ld416,1,1,1561432521,1
0,absa,real::row_0026,row_0026,179vtsb,1,1,3371362967,1
0,absa,real::row_0031,row_0031,181bh8e,1,1,1435511200,1
0,absa,real::row_0033,row_0033,13sgbnq,1,1,3447372234,1
0,absa,real::row_0036,row_0036,13u8ap0,0,0,938312977,1
0,absa,real::row_0041,row_0041,strl5n,0,0,3221464677,1
0,absa,real::row_0054,row_0054,18zfl4h,1,1,1867075642,1
0,absa,real::row_0069,row_0069,cike20,0,0,3580875316,1
0,absa,real::row_0088,row_0088,b6e6ms,0,0,1176545548,1
0,absa,real::row_0089,row_0089,1bi00kp,2,2,3168653839,1
0,absa,real::row_0093,row_0093,e8zm2q,0,2,3187731049,1
0,absa,real::row_0095,row_0095,mze6pl,0,1,107029627,1
0,absa,real::row_0098,row_0098,6vc0f3,0,2,1491188223,1
0,absa,real::row_0099,row_0099,yu7tql,1,1,4051693638,1
0,absa,real::row_0100,row_0100,jolozl,1,1,4235484014,1
0,absa,real::row_0131,row_0131,ohor1g,0,0,3255500904,1
0,absa,real::row_0136,row_0136,xrht0w,1,1,765564063,1
0,absa,real::row_0143,row_0143,ohor1g,0,0,1328184753,1
0,absa,real::row_0145,row_0145,tze4ne,0,0,1543807663,1
0,absa,real::row_0149,row_0149,1bi00kp,2,2,4155613059,1
0,absa,real::row_0150,row_0150,3sv3mn,1,1,3124318063,1
0,absa,real::row_0161,row_0161,yo0pll,0,1,3848420330,1
0,absa,real::row_0163,row_0163,v6ujxy,0,0,407861418,1
0,absa,real::row_0166,row_0166,3csh6r,0,0,1390589671,1
0,absa,real::row_0173,row_0173,g2i260,0,0,2517925727,1
0,absa,real::row_0174,row_0174,aetft2,0,0,3481992157,1
0,absa,real::row_0187,row_0187,jzj6pj,0,0,2222468329,1
0,absa,real::row_0199,row_0199,ernj0t,0,0,1185795041,1
0,absa,real::row_0200,row_0200,7jxcep,0,1,1907819893,1
0,absa,real::row_0203,row_0203,s94r2c,1,1,1601671407,1
0,absa,real::row_0210,row_0210,cike20,0,0,4219946667,1
0,absa,real::row_0213,row_0213,ijn10v,0,1,2794299991,1
0,absa,real::row_0218,row_0218,16ttbm2,0,0,4021555748,1
0,absa,real::row_0227,row_0227,17xg93z,0,1,2744055249,2
0,absa,real::row_0229,row_0229,kd6wad,0,1,2693944646,1
0,absa,real::row_0235,row_0235,y32mr4,1,1,2815008697,1
0,absa,real::row_0236,row_0236,15t6vlr,0,0,1637337935,1
0,absa,real::row_0241,row_0241,y32mr4,1,1,2640915558,1
0,absa,real::row_0244,row_0244,eb3vwm,2,1,1579037005,1
0,absa,real::row_0248,row_0248,kdbrsm,0,0,141404204,1
0,absa,real::row_0264,row_0264,cike20,0,1,2347401583,4
0,absa,real::row_0265,row_0265,kd6wad,1,1,2483220885,1
0,absa,real::row_0269,row_0269,ernj0t,0,0,925270327,1
0,absa,real::row_0274,row_0274,l10i28,0,1,2320653467,3
0,absa,real::row_0276,row_0276,12pzk4f,0,0,1039516868,1
0,absa,real::row_0277,row_0277,r96mp0,0,0,468122042,1
0,absa,real::row_0285,row_0285,x6giex,2,2,2848013074,1
0,absa,real::row_0289,row_0289,15kvu7h,1,1,2842844969,1
0,absa,real::row_0300,row_0300,18672j6,1,1,1400230182,1
0,absa,real::row_0301,row_0301,tk0du1,1,1,32332410,1
0,absa,real::row_0317,row_0317,15ld416,0,1,2520060144,1
0,absa,real::row_0345,row_0345,ap0dfu,2,2,4030289280,1
0,absa,real::row_0351,row_0351,r96mp0,0,0,2883834220,1
0,absa,real::row_0353,row_0353,f8cko2,0,0,3834486868,1
0,absa,real::row_0354,row_0354,a3o5uc,1,1,1402741676,1
0,absa,real::row_0356,row_0356,18672j6,0,1,2049399187,1
0,absa,real::row_0367,row_0367,vhii9e,0,1,3443110684,1
0,absa,real::row_0369,row_0369,cn2rhj,0,0,2918104774,1
0,absa,real::row_0373,row_0373,kd6wad,0,1,741130969,1
0,absa,real::row_0376,row_0376,16goxmj,0,0,2155657194,1
0,absa,real::row_0377,row_0377,1b3060q,0,1,4089603720,1
0,absa,real::row_0378,row_0378,cike20,0,0,123732126,1
0,absa,real::row_0381,row_0381,f8cko2,0,0,3584159176,1
0,absa,real::row_0382,row_0382,5bnqqq,0,1,3274781420,2
0,absa,real::row_0388,row_0388,hkimr0,1,1,1908160480,1
0,absa,real::row_0395,row_0395,bgrxt4,1,1,3017713630,1
0,absa,real::row_0400,row_0400,18672j6,0,1,2587007324,1
0,absa,real::row_0401,row_0401,d8o6d6,0,0,1992626631,1
0,absa,real::row_0414,row_0414,1eijmn9,0,0,1683995085,1
0,absa,real::row_0418,row_0418,12vwf74,0,0,4033357760,1
0,absa,real::row_0422,row_0422,15ld416,1,1,349024871,1
0,absa,real::row_0423,row_0423,jgmvik,2,0,1232158770,1
0,absa,real::row_0427,row_0427,cike20,0,1,3123110382,1
0,absa,real::row_0432,row_0432,ot9v0b,0,0,1972118659,1
0,absa,real::row_0437,row_0437,dj64qg,2,2,4184295167,1
0,absa,real::row_0438,row_0438,12vwf74,0,1,1628252098,1
0,absa,real::row_0443,row_0443,p8sjht,0,0,2757650906,1
0,absa,real::row_0447,row_0447,thgati,2,2,3077210832,1
0,absa,real::row_0450,row_0450,afa832,1,1,2045447360,1
0,absa,real::row_0456,row_0456,rxh05u,0,0,4116608457,1
0,absa,real::row_0458,row_0458,gg45of,1,1,917611477,1
0,absa,real::row_0463,row_0463,18zfl4h,1,1,2602751748,1
0,absa,real::row_0464,row_0464,996kwc,0,1,764887377,1
0,absa,real::row_0465,row_0465,cike20,0,1,2732467744,1
0,absa,real::row_0469,row_0469,zg1ftt,0,0,4130843862,1
0,absa,real::row_0470,row_0470,zg1ftt,0,0,993370718,1
0,absa,real::row_0473,row_0473,1jjqtsh,2,2,1603696544,1
0,absa,real::row_0474,row_0474,fcusg3,0,0,3879167012,1
0,absa,real::row_0475,row_0475,13m1lvo,0,0,3548531322,1
0,absa,real::row_0476,row_0476,w1eisk,0,0,1616426356,1
0,trad,real::row_0001,row_0001,qz34x8,0,0,2117351779,1
0,trad,real::row_0006,row_0006,hkimr0,0,2,950988040,1
0,trad,real::row_0007,row_0007,hzi5rm,0,2,517533840,1
0,trad,real::row_0017,row_0017,yu7tql,0,1,3399741900,1
0,trad,real::row_0019,row_0019,gizbls,0,0,557751466,1
0,trad,real::row_0020,row_0020,10hhb4z,0,1,3014797250,1
0,trad,real::row_0022,row_0022,15ld416,0,1,2424776227,1
0,trad,real::row_0026,row_0026,179vtsb,1,1,3862450182,1
0,trad,real::row_0031,row_0031,181bh8e,2,2,3517931683,1
0,trad,real::row_0033,row_0033,13sgbnq,2,2,2603641986,1
0,trad,real::row_0036,row_0036,13u8ap0,0,2,890641379,1
0,trad,real::row_0041,row_0041,strl5n,0,0,4014666386,1
0,trad,real::row_0054,row_0054,18zfl4h,1,1,3188141779,1
0,trad,real::row_0069,row_0069,cike20,0,0,1893297079,1
0,trad,real::row_0088,row_0088,b6e6ms,0,0,1068706370,1
0,trad,real::row_0089,row_0089,1bi00kp,2,2,1088217696,1
0,trad,real::row_0093,row_0093,e8zm2q,0,1,789242964,2
0,trad,real::row_0095,row_0095,mze6pl,0,0,3317532612,1
0,trad,real::row_0098,row_0098,6vc0f3,2,2,1467125123,1
0,trad,real::row_0099,row_0099,yu7tql,1,1,1489081915,1
0,trad,real::row_0100,row_0100,jolozl,1,1,749487573,1
0,trad,real::row_0131,row_0131,ohor1g,0,0,1888812977,1
0,trad,real::row_0136,row_0136,xrht0w,2,2,2266314958,1
0,trad,real::row_0143,row_0143,ohor1g,0,0,518567620,1
0,trad,real::row_0145,row_0145,tze4ne,0,0,963127090,1
0,trad,real::row_0149,row_0149,1bi00kp,2,2,792143518,1
0,trad,real::row_0150,row_0150,3sv3mn,2,2,3122272636,1
0,trad,real::row_0161,row_0161,yo0pll,0,2,1395586588,1
0,trad,real::row_0163,row_0163,v6ujxy,0,0,2716061719,1
0,trad,real::row_0166,row_0166,3csh6r,0,0,3667049130,1
0,trad,real::row_0173,row_0173,g2i260,0,1,2411697569,1
0,trad,real::row_0174,row_0174,aetft2,0,2,4192092686,1
0,trad,real::row_0187,row_0187,jzj6pj,0,0,2903341516,1
0,trad,real::row_0199,row_0199,ernj0t,2,2,1392060172,1
0,trad,real::row_0200,row_0200,7jxcep,0,0,1677091528,1
0,trad,real::row_0203,row_0203,s94r2c,0,1,3981358259,1
0,trad,real::row_0210,row_0210,cike20,0,0,3780033864,1
0,trad,real::row_0213,row_0213,ijn10v,0,2,1377921041,1
0,trad,real::row_0218,row_0218,16ttbm2,0,2,1037017509,1
0,trad,real::row_0227,row_0227,17xg93z,0,2,2331849857,1
0,trad,real::row_0229,row_0229,kd6wad,0,0,3348161909,1
0,trad,real::row_0235,row_0235,y32mr4,0,1,3588945210,1
0,trad,real::row_0236,row_0236,15t6vlr,0,2,787511582,1
0,trad,real::row_0241,row_0241,y32mr4,0,1,3767000205,1
0,trad,real::row_0244,row_0244,eb3vwm,2,0,3986408063,1
0,trad,real::row_0248,row_0248,kdbrsm,2,2,3805539591,1
0,trad,real::row_0264,row_0264,cike20,0,0,2853080836,1
0,trad,real::row_0265,row_0265,kd6wad,0,0,2162403452,1
0,trad,real::row_0269,row_0269,ernj0t,2,2,1646519896,1
0,trad,real::row_0274,row_0274,l10i28,0,0,120077435,1
0,trad,real::row_0276,row_0276,12pzk4f,0,0,1131675158,6
0,trad,real::row_0277,row_0277,r96mp0,0,2,1565085520,1
0,trad,real::row_0285,row_0285,x6giex,2,2,4146033026,1
0,trad,real::row_0289,row_0289,15kvu7h,0,0,390150700,1
0,trad,real::row_0300,row_0300,18672j6,1,1,1652364412,1
0,trad,real::row_0301,row_0301,tk0du1,2,0,2395680676,1
0,trad,real::row_0317,row_0317,15ld416,0,1,718212711,2
0,trad,real::row_0345,row_0345,ap0dfu,2,2,1172235836,1
0,trad,real::row_0351,row_0351,r96mp0,2,2,1557878533,1
0,trad,real::row_0353,row_0353,f8cko2,0,0,3049507111,1
0,trad,real::row_0354,row_0354,a3o5uc,1,1,1648909005,1
0,trad,real::row_0356,row_0356,18672j6,0,1,2556878459,1
0,trad,real::row_0367,row_0367,vhii9e,0,2,3607970242,3
0,trad,real::row_0369,row_0369,cn2rhj,0,0,2190596551,1
0,trad,real::row_0373,row_0373,kd6wad,0,0,1166166619,1
0,trad,real::row_0376,row_0376,16goxmj,2,1,308547295,30
0,trad,real::row_0377,row_0377,1b3060q,0,1,1686237480,1
0,trad,real::row_0378,row_0378,cike20,0,0,3811192433,1
0,trad,real::row_0381,row_0381,f8cko2,0,0,3553396857,1
0,trad,real::row_0382,row_0382,5bnqqq,0,2,3342955939,1
0,trad,real::row_0388,row_0388,hkimr0,2,2,998236617,1
0,trad,real::row_0395,row_0395,bgrxt4,2,1,3448419117,1
0,trad,real::row_0400,row_0400,18672j6,0,1,3531511504,2
0,trad,real::row_0401,row_0401,d8o6d6,0,1,2518039082,1
0,trad,real::row_0414,row_0414,1eijmn9,2,2,2642126752,1
0,trad,real::row_0418,row_0418,12vwf74,0,0,3115893687,1
0,trad,real::row_0422,row_0422,15ld416,0,1,1263477,2
0,trad,real::row_0423,row_0423,jgmvik,2,2,2230381208,1
0,trad,real::row_0427,row_0427,cike20,0,1,972115977,1
0,trad,real::row_0432,row_0432,ot9v0b,0,2,2579732300,1
0,trad,real::row_0437,row_0437,dj64qg,0,0,3622013780,1
0,trad,real::row_0438,row_0438,12vwf74,0,0,3671135226,1
0,trad,real::row_0443,row_0443,p8sjht,2,2,2475987531,1
0,trad,real::row_0447,row_0447,thgati,0,0,4225951597,1
0,trad,real::row_0450,row_0450,afa832,0,2,1729517943,1
0,trad,real::row_0456,row_0456,rxh05u,2,2,824560611,1
0,trad,real::row_0458,row_0458,gg45of,2,2,2901797883,1
0,trad,real::row_0463,row_0463,18zfl4h,1,1,1705260314,1
0,trad,real::row_0464,row_0464,996kwc,0,2,211693080,3
0,trad,real::row_0465,row_0465,cike20,0,1,2343342716,1
0,trad,real::row_0469,row_0469,zg1ftt,0,0,2967913518,1
0,trad,real::row_0470,row_0470,zg1ftt,0,0,2790245679,1
0,trad,real::row_0473,row_0473,1jjqtsh,2,2,2426995407,1
0,trad,real::row_0474,row_0474,fcusg3,2,2,1858420076,1
0,trad,real::row_0475,row_0475,13m1lvo,2,2,1286738108,1
0,trad,real::row_0476,row_0476,w1eisk,0,0,2244417846,1
1,absa,real::row_0001,row_0001,qz34x8,0,0,2029841447,1
1,absa,real::row_0006,row_0006,hkimr0,1,1,1514946389,1
1,absa,real::row_0007,row_0007,hzi5rm,1,1,3099022273,1
1,absa,real::row_0017,row_0017,yu7tql,1,1,4142764422,1
1,absa,real::row_0019,row_0019,gizbls,0,1,2362472781,1
1,absa,real::row_0020,row_0020,10hhb4z,0,1,2607320214,1
1,absa,real::row_0022,row_0022,15ld416,1,1,2946526713,1
1,absa,real::row_0026,row_0026,179vtsb,1,1,113321348,1
1,absa,real::row_0031,row_0031,181bh8e,1,1,4184736736,1
1,absa,real::row_0033,row_0033,13sgbnq,1,1,3737412750,1
1,absa,real::row_0036,row_0036,13u8ap0,0,0,218940109,1
1,absa,real::row_0041,row_0041,strl5n,0,0,2872623622,1
1,absa,real::row_0054,row_0054,18zfl4h,1,1,2633174931,1
1,absa,real::row_0069,row_0069,cike20,0,0,318104338,1
1,absa,real::row_0088,row_0088,b6e6ms,0,0,3847183653,1
1,absa,real::row_0089,row_0089,1bi00kp,2,2,1257792499,1
1,absa,real::row_0093,row_0093,e8zm2q,0,2,2377762378,1
1,absa,real::row_0095,row_0095,mze6pl,0,1,2449551289,1
1,absa,real::row_0098,row_0098,6vc0f3,0,2,1712201167,1
1,absa,real::row_0099,row_0099,yu7tql,1,1,2184718480,1
1,absa,real::row_0100,row_0100,jolozl,1,1,1842701709,1
1,absa,real::row_0131,row_0131,ohor1g,0,0,2358066025,1
1,absa,real::row_0136,row_0136,xrht0w,1,1,2624388179,1
1,absa,real::row_0143,row_0143,ohor1g,0,0,2765791507,1
1,absa,real::row_0145,row_0145,tze4ne,0,0,250500041,1
1,absa,real::row_0149,row_0149,1bi00kp,2,2,735485460,1
1,absa,real::row_0150,row_0150,3sv3mn,1,1,2669485436,1
1,absa,real::row_0161,row_0161,yo0pll,0,1,138459511,2
1,absa,real::row_0163,row_0163,v6ujxy,0,0,1189849261,1
1,absa,real::row_0166,row_0166,3csh6r,0,0,2825202863,1
1,absa,real::row_0173,row_0173,g2i260,0,0,2444001434,1
1,absa,real::row_0174,row_0174,aetft2,0,0,3291179818,1
1,absa,real::row_0187,row_0187,jzj6pj,0,0,1483185008,1
1,absa,real::row_0199,row_0199,ernj0t,0,0,2568740222,1
1,absa,real::row_0200,row_0200,7jxcep,0,1,1038251163,2
1,absa,real::row_0203,row_0203,s94r2c,1,1,4040704362,1
1,absa,real::row_0210,row_0210,cike20,0,0,662131211,1
1,absa,real::row_0213,row_0213,ijn10v,0,1,3145628284,4
1,absa,real::row_0218,row_0218,16ttbm2,0,0,1516455514,1
1,absa,real::row_0227,row_0227,17xg93z,0,0,1608591650,2
1,absa,real::row_0229,row_0229,kd6wad,0,1,2917743184,1
1,absa,real::row_0235,row_0235,y32mr4,1,1,1759736543,1
1,absa,real::row_0236,row_0236,15t6vlr,0,0,4216496641,1
1,absa,real::row_0241,row_0241,y32mr4,1,1,889989137,1
1,absa,real::row_0244,row_0244,eb3vwm,2,1,1736373283,1
1,absa,real::row_0248,row_0248,kdbrsm,0,0,241194651,1
1,absa,real::row_0264,row_0264,cike20,0,0,1525862813,1
1,absa,real::row_0265,row_0265,kd6wad,1,0,1190006755,1
1,absa,real::row_0269,row_0269,ernj0t,0,1,1630849782,1
1,absa,real::row_0274,row_0274,l10i28,0,0,2611821992,1
1,absa,real::row_0276,row_0276,12pzk4f,0,0,4188187923,1
1,absa,real::row_0277,row_0277,r96mp0,0,0,150331212,1
1,absa,real::row_0285,row_0285,x6giex,2,2,100933095,1
1,absa,real::row_0289,row_0289,15kvu7h,1,1,4234261291,1
1,absa,real::row_0300,row_0300,18672j6,1,1,1060302882,1
1,absa,real::row_0301,row_0301,tk0du1,1,1,3771329957,1
1,absa,real::row_0317,row_0317,15ld416,0,1,1691574206,1
1,absa,real::row_0345,row_0345,ap0dfu,2,2,1967211947,1
1,absa,real::row_0351,row_0351,r96mp0,0,0,2145306370,1
1,absa,real::row_0353,row_0353,f8cko2,0,0,1989152833,1
1,absa,real::row_0354,row_0354,a3o5uc,1,1,279571764,1
1,absa,real::row_0356,row_0356,18672j6,0,1,535116392,1
1,absa,real::row_0367,row_0367,vhii9e,0,1,953235790,1
1,absa,real::row_0369,row_0369,cn2rhj,0,0,1705293160,1
1,absa,real::row_0373,row_0373,kd6wad,0,1,1496258903,1
1,absa,real::row_0376,row_0376,16goxmj,0,0,4071545748,1
1,absa,real::row_0377,row_0377,1b3060q,0,1,2596813753,1
1,absa,real::row_0378,row_0378,cike20,0,0,953692679,1
1,absa,real::row_0381,row_0381,f8cko2,0,0,1353047242,1
1,absa,real::row_0382,row_0382,5bnqqq,0,0,2930126547,4
1,absa,real::row_0388,row_0388,hkimr0,1,1,1564536473,1
1,absa,real::row_0395,row_0395,bgrxt4,1,1,753288933,1
1,absa,real::row_0400,row_0400,18672j6,0,1,2619535218,1
1,absa,real::row_0401,row_0401,d8o6d6,0,0,2476127823,1
1,absa,real::row_0414,row_0414,1eijmn9,0,0,4095368844,1
1,absa,real::row_0418,row_0418,12vwf74,0,1,4253831753,1
1,absa,real::row_0422,row_0422,15ld416,1,1,3915130556,1
1,absa,real::row_0423,row_0423,jgmvik,2,0,803905034,1
1,absa,real::row_0427,row_0427,cike20,0,1,40306829,1
1,absa,real::row_0432,row_0432,ot9v0b,0,0,1835470083,1
1,absa,real::row_0437,row_0437,dj64qg,2,2,2968362104,1
1,absa,real::row_0438,row_0438,12vwf74,0,1,4178411235,1
1,absa,real::row_0443,row_0443,p8sjht,0,0,2959015655,1
1,absa,real::row_0447,row_0447,thgati,2,2,1731385652,1
1,absa,real::row_0450,row_0450,afa832,1,1,638452197,1
1,absa,real::row_0456,row_0456,rxh05u,0,0,3679285011,1
1,absa,real::row_0458,row_0458,gg45of,1,1,2663359950,1
1,absa,real::row_0463,row_0463,18zfl4h,1,1,2792993481,1
1,absa,real::row_0464,row_0464,996kwc,0,1,850144571,1
1,absa,real::row_0465,row_0465,cike20,0,1,1115567543,1
1,absa,real::row_0469,row_0469,zg1ftt,0,0,3320656748,1
1,absa,real::row_0470,row_0470,zg1ftt,0,0,2647566311,1
1,absa,real::row_0473,row_0473,1jjqtsh,2,2,2510193077,1
1,absa,real::row_0474,row_0474,fcusg3,0,0,4221295143,1
1,absa,real::row_0475,row_0475,13m1lvo,0,0,1341004237,1
1,absa,real::row_0476,row_0476,w1eisk,0,0,2824110042,1
1,trad,real::row_0001,row_0001,qz34x8,0,0,1274724430,1
1,trad,real::row_0006,row_0006,hkimr0,0,2,3026734436,1
1,trad,real::row_0007,row_0007,hzi5rm,0,2,918534242,1
1,trad,real::row_0017,row_0017,yu7tql,0,1,3866168163,1
1,trad,real::row_0019,row_0019,gizbls,0,0,2277650566,1
1,trad,real::row_0020,row_0020,10hhb4z,0,1,2891207326,2
1,trad,real::row_0022,row_0022,15ld416,0,1,2145338190,1
1,trad,real::row_0026,row_0026,179vtsb,1,1,2515564920,1
1,trad,real::row_0031,row_0031,181bh8e,2,2,3179903936,1
1,trad,real::row_0033,row_0033,13sgbnq,2,2,3995753006,1
1,trad,real::row_0036,row_0036,13u8ap0,0,2,1461900297,1
1,trad,real::row_0041,row_0041,strl5n,0,0,3976490857,1
1,trad,real::row_0054,row_0054,18zfl4h,1,1,288675309,1
1,trad,real::row_0069,row_0069,cike20,0,0,1004392117,1
1,trad,real::row_0088,row_0088,b6e6ms,0,0,884162708,1
1,trad,real::row_0089,row_0089,1bi00kp,2,2,304084639,1
1,trad,real::row_0093,row_0093,e8zm2q,0,1,4075463777,1
1,trad,real::row_0095,row_0095,mze6pl,0,0,752977688,1
1,trad,real::row_0098,row_0098,6vc0f3,2,2,915252137,1
1,trad,real::row_0099,row_0099,yu7tql,1,1,783870682,1
1,trad,real::row_0100,row_0100,jolozl,1,1,2720047429,1
1,trad,real::row_0131,row_0131,ohor1g,0,0,2453797309,1
1,trad,real::row_0136,row_0136,xrht0w,2,2,1366773920,1
1,trad,real::row_0143,row_0143,ohor1g,0,0,1319487384,1
1,trad,real::row_0145,row_0145,tze4ne,0,0,1837970743,1
1,trad,real::row_0149,row_0149,1bi00kp,2,2,2023900807,1
1,trad,real::row_0150,row_0150,3sv3mn,2,2,3159560443,1
1,trad,real::row_0161,row_0161,yo0pll,0,2,3406858268,1
1,trad,real::row_0163,row_0163,v6ujxy,0,0,979312817,1
1,trad,real::row_0166,row_0166,3csh6r,0,0,3028817304,1
1,trad,real::row_0173,row_0173,g2i260,0,1,1340114226,1
1,trad,real::row_0174,row_0174,aetft2,0,2,1734764640,1
1,trad,real::row_0187,row_0187,jzj6pj,0,0,3454963204,1
1,trad,real::row_0199,row_0199,ernj0t,2,2,1794404340,1
1,trad,real::row_0200,row_0200,7jxcep,0,0,1143677753,1
1,trad,real::row_0203,row_0203,s94r2c,0,1,4053722751,1
1,trad,real::row_0210,row_0210,cike20,0,0,184792838,1
1,trad,real::row_0213,row_0213,ijn10v,0,2,1033079872,1
1,trad,real::row_0218,row_0218,16ttbm2,0,2,1432183884,1
1,trad,real::row_0227,row_0227,17xg93z,0,2,726475223,1
1,trad,real::row_0229,row_0229,kd6wad,0,0,1503680722,1
1,trad,real::row_0235,row_0235,y32mr4,0,1,3058235298,1
1,trad,real::row_0236,row_0236,15t6vlr,0,2,1573936663,1
1,trad,real::row_0241,row_0241,y32mr4,0,1,1176206243,1
1,trad,real::row_0244,row_0244,eb3vwm,2,0,700511398,1
1,trad,real::row_0248,row_0248,kdbrsm,2,2,3999161172,1
1,trad,real::row_0264,row_0264,cike20,0,0,899978268,1
1,trad,real::row_0265,row_0265,kd6wad,0,0,1955270836,1
1,trad,real::row_0269,row_0269,ernj0t,2,2,801321554,1
1,trad,real::row_0274,row_0274,l10i28,0,0,3456273695,1
1,trad,real::row_0276,row_0276,12pzk4f,0,0,4285751016,1
1,trad,real::row_0277,row_0277,r96mp0,0,2,1121825602,1
1,trad,real::row_0285,row_0285,x6giex,2,2,1023033740,1
1,trad,real::row_0289,row_0289,15kvu7h,0,0,2433002132,1
1,trad,real::row_0300,row_0300,18672j6,1,1,599661047,1
1,trad,real::row_0301,row_0301,tk0du1,2,0,2253003205,12
1,trad,real::row_0317,row_0317,15ld416,0,1,1028170682,1
1,trad,real::row_0345,row_0345,ap0dfu,2,2,3400905151,1
1,trad,real::row_0351,row_0351,r96mp0,2,2,490748205,1
1,trad,real::row_0353,row_0353,f8cko2,0,0,4026130583,1
1,trad,real::row_0354,row_0354,a3o5uc,1,1,2778490139,1
1,trad,real::row_0356,row_0356,18672j6,0,1,428918971,1
1,trad,real::row_0367,row_0367,vhii9e,0,2,3545705598,2
1,trad,real::row_0369,row_0369,cn2rhj,0,0,1541108134,1
1,trad,real::row_0373,row_0373,kd6wad,0,0,298300363,1
1,trad,real::row_0376,row_0376,16goxmj,2,2,3991402800,11
1,trad,real::row_0377,row_0377,1b3060q,0,1,46452902,1
1,trad,real::row_0378,row_0378,cike20,0,1,1732235587,1
1,trad,real::row_0381,row_0381,f8cko2,0,0,3073854862,1
1,trad,real::row_0382,row_0382,5bnqqq,0,2,2860864967,1
1,trad,real::row_0388,row_0388,hkimr0,2,2,1363325467,1
1,trad,real::row_0395,row_0395,bgrxt4,2,1,816207910,1
1,trad,real::row_0400,row_0400,18672j6,0,1,3038578462,2
1,trad,real::row_0401,row_0401,d8o6d6,0,1,1271161714,1
1,trad,real::row_0414,row_0414,1eijmn9,2,2,2672711723,1
1,trad,real::row_0418,row_0418,12vwf74,0,0,2905573668,1
1,trad,real::row_0422,row_0422,15ld416,0,1,3941776174,1
1,trad,real::row_0423,row_0423,jgmvik,2,2,3875598242,1
1,trad,real::row_0427,row_0427,cike20,0,1,2759693846,1
1,trad,real::row_0432,row_0432,ot9v0b,0,2,2397492943,1
1,trad,real::row_0437,row_0437,dj64qg,0,0,2507644983,1
1,trad,real::row_0438,row_0438,12vwf74,0,0,3702141800,1
1,trad,real::row_0443,row_0443,p8sjht,2,2,2950472979,1
1,trad,real::row_0447,row_0447,thgati,0,0,2164765042,1
1,trad,real::row_0450,row_0450,afa832,0,2,1806324700,1
1,trad,real::row_0456,row_0456,rxh05u,2,2,2776205100,1
1,trad,real::row_0458,row_0458,gg45of,2,2,1928620131,1
1,trad,real::row_0463,row_0463,18zfl4h,1,1,283602261,1
1,trad,real::row_0464,row_0464,996kwc,0,2,2516614342,1
1,trad,real::row_0465,row_0465,cike20,0,1,2490953873,1
1,trad,real::row_0469,row_0469,zg1ftt,0,0,1798740548,1
1,trad,real::row_0470,row_0470,zg1ftt,0,0,1534602426,1
1,trad,real::row_0473,row_0473,1jjqtsh,2,2,1900569158,1
1,trad,real::row_0474,row_0474,fcusg3,2,2,519453834,1
1,trad,real::row_0475,row_0475,13m1lvo,2,2,3621573001,1
1,trad,real::row_0476,row_0476,w1eisk,0,0,3016972049,1
2,absa,real::row_0001,row_0001,qz34x8,0,0,3589523631,1
2,absa,real::row_0006,row_0006,hkimr0,1,1,2537031910,1
2,absa,real::row_0007,row_0007,hzi5rm,1,1,3054130680,1
2,absa,real::row_0017,row_0017,yu7tql,1,1,2539274891,1
2,absa,real::row_0019,row_0019,gizbls,0,1,3259771832,1
2,absa,real::row_0020,row_0020,10hhb4z,0,1,4130326572,1
2,absa,real::row_0022,row_0022,15ld416,1,1,4100713845,1
2,absa,real::row_0026,row_0026,179vtsb,1,1,3463804675,1
2,absa,real::row_0031,row_0031,181bh8e,1,1,3452757243,1
2,absa,real::row_0033,row_0033,13sgbnq,1,1,4198325892,1
2,absa,real::row_0036,row_0036,13u8ap0,0,0,85243829,1
2,absa,real::row_0041,row_0041,strl5n,0,0,38051679,1
2,absa,real::row_0054,row_0054,18zfl4h,1,1,3282465634,1
2,absa,real::row_0069,row_0069,cike20,0,0,1991711148,1
2,absa,real::row_0088,row_0088,b6e6ms,0,0,3585959753,1
2,absa,real::row_0089,row_0089,1bi00kp,2,2,225756104,1
2,absa,real::row_0093,row_0093,e8zm2q,0,2,107774297,1
2,absa,real::row_0095,row_0095,mze6pl,0,1,2826694096,1
2,absa,real::row_0098,row_0098,6vc0f3,0,2,66264486,1
2,absa,real::row_0099,row_0099,yu7tql,1,1,613394941,1
2,absa,real::row_0100,row_0100,jolozl,1,1,1818249698,1
2,absa,real::row_0131,row_0131,ohor1g,0,0,1639211925,1
2,absa,real::row_0136,row_0136,xrht0w,1,1,845014758,1
2,absa,real::row_0143,row_0143,ohor1g,0,0,1129159749,1
2,absa,real::row_0145,row_0145,tze4ne,0,0,1857540612,1
2,absa,real::row_0149,row_0149,1bi00kp,2,2,2235507723,1
2,absa,real::row_0150,row_0150,3sv3mn,1,1,3663265909,1
2,absa,real::row_0161,row_0161,yo0pll,0,1,4174738630,1
2,absa,real::row_0163,row_0163,v6ujxy,0,0,3344912386,1
2,absa,real::row_0166,row_0166,3csh6r,0,0,540687857,1
2,absa,real::row_0173,row_0173,g2i260,0,0,3338840034,1
2,absa,real::row_0174,row_0174,aetft2,0,0,3864680548,1
2,absa,real::row_0187,row_0187,jzj6pj,0,0,1540230118,1
2,absa,real::row_0199,row_0199,ernj0t,0,0,3320410660,1
2,absa,real::row_0200,row_0200,7jxcep,0,1,1200974042,1
2,absa,real::row_0203,row_0203,s94r2c,1,1,2268697816,1
2,absa,real::row_0210,row_0210,cike20,0,0,2309039288,1
2,absa,real::row_0213,row_0213,ijn10v,0,1,658766520,2
2,absa,real::row_0218,row_0218,16ttbm2,0,0,660943220,1
2,absa,real::row_0227,row_0227,17xg93z,0,0,1590196740,21
2,absa,real::row_0229,row_0229,kd6wad,0,1,3432241081,1
2,absa,real::row_0235,row_0235,y32mr4,1,1,1657525534,1
2,absa,real::row_0236,row_0236,15t6vlr,0,0,4002688184,1
2,absa,real::row_0241,row_0241,y32mr4,1,1,3116357490,1
2,absa,real::row_0244,row_0244,eb3vwm,2,1,1036052289,1
2,absa,real::row_0248,row_0248,kdbrsm,0,0,2536720506,1
2,absa,real::row_0264,row_0264,cike20,0,1,2008318502,1
2,absa,real::row_0265,row_0265,kd6wad,1,1,1877123548,1
2,absa,real::row_0269,row_0269,ernj0t,0,1,205796093,4
2,absa,real::row_0274,row_0274,l10i28,0,0,223623158,1
2,absa,real::row_0276,row_0276,12pzk4f,0,0,931797901,1
2,absa,real::row_0277,row_0277,r96mp0,0,0,1226634822,1
2,absa,real::row_0285,row_0285,x6giex,2,2,804307899,1
2,absa,real::row_0289,row_0289,15kvu7h,1,1,1275827697,2
2,absa,real::row_0300,row_0300,18672j6,1,1,3406930005,1
2,absa,real::row_0301,row_0301,tk0du1,1,1,3122868039,1
2,absa,real::row_0317,row_0317,15ld416,0,1,4115108447,1
2,absa,real::row_0345,row_0345,ap0dfu,2,2,3587132213,1
2,absa,real::row_0351,row_0351,r96mp0,0,0,2486977971,1
2,absa,real::row_0353,row_0353,f8cko2,0,0,2658099392,1
2,absa,real::row_0354,row_0354,a3o5uc,1,1,4031660353,1
2,absa,real::row_0356,row_0356,18672j6,0,1,1122581808,1
2,absa,real::row_0367,row_0367,vhii9e,0,1,2416711454,1
2,absa,real::row_0369,row_0369,cn2rhj,0,0,1266748174,1
2,absa,real::row_0373,row_0373,kd6wad,0,1,669767118,2
2,absa,real::row_0376,row_0376,16goxmj,0,0,1159146553,1
2,absa,real::row_0377,row_0377,1b3060q,0,1,3015414305,1
2,absa,real::row_0378,row_0378,cike20,0,0,2865329495,1
2,absa,real::row_0381,row_0381,f8cko2,0,0,2754025851,1
2,absa,real::row_0382,row_0382,5bnqqq,0,1,3127962335,4
2,absa,real::row_0388,row_0388,hkimr0,1,1,2315396402,1
2,absa,real::row_0395,row_0395,bgrxt4,1,1,4019243143,1
2,absa,real::row_0400,row_0400,18672j6,0,1,2875008884,1
2,absa,real::row_0401,row_0401,d8o6d6,0,0,1835301323,1
2,absa,real::row_0414,row_0414,1eijmn9,0,0,2842715202,1
2,absa,real::row_0418,row_0418,12vwf74,0,1,1396083475,1
2,absa,real::row_0422,row_0422,15ld416,1,1,316041027,1
2,absa,real::row_0423,row_0423,jgmvik,2,0,3077943807,1
2,absa,real::row_0427,row_0427,cike20,0,1,2367906253,1
2,absa,real::row_0432,row_0432,ot9v0b,0,0,3408614488,1
2,absa,real::row_0437,row_0437,dj64qg,2,2,1798534613,1
2,absa,real::row_0438,row_0438,12vwf74,0,1,2876517327,1
2,absa,real::row_0443,row_0443,p8sjht,0,0,722767144,1
2,absa,real::row_0447,row_0447,thgati,2,2,2512161119,1
2,absa,real::row_0450,row_0450,afa832,1,1,1703026986,1
2,absa,real::row_0456,row_0456,rxh05u,0,0,1723339046,1
2,absa,real::row_0458,row_0458,gg45of,1,1,837968533,1
2,absa,real::row_0463,row_0463,18zfl4h,1,1,2426981860,1
2,absa,real::row_0464,row_0464,996kwc,0,1,3734860043,1
2,absa,real::row_0465,row_0465,cike20,0,1,3243986816,1
2,absa,real::row_0469,row_0469,zg1ftt,0,0,1119333300,1
2,absa,real::row_0470,row_0470,zg1ftt,0,0,1516439402,1
2,absa,real::row_0473,row_0473,1jjqtsh,2,2,1505043472,1
2,absa,real::row_0474,row_0474,fcusg3,0,0,2103946138,1
2,absa,real::row_0475,row_0475,13m1lvo,0,0,2386283455,1
2,absa,real::row_0476,row_0476,w1eisk,0,0,101488699,1
2,trad,real::row_0001,row_0001,qz34x8,0,0,606898943,1
2,trad,real::row_0006,row_0006,hkimr0,0,2,1536329577,1
2,trad,real::row_0007,row_0007,hzi5rm,0,2,1499479232,1
2,trad,real::row_0017,row_0017,yu7tql,0,1,2035468367,1
2,trad,real::row_0019,row_0019,gizbls,0,0,2600444337,1
2,trad,real::row_0020,row_0020,10hhb4z,0,1,1787710615,1
2,trad,real::row_0022,row_0022,15ld416,0,1,4233318635,1
2,trad,real::row_0026,row_0026,179vtsb,1,1,1401488348,1
2,trad,real::row_0031,row_0031,181bh8e,2,2,412998090,1
2,trad,real::row_0033,row_0033,13sgbnq,2,2,4199010960,1
2,trad,real::row_0036,row_0036,13u8ap0,0,2,3690003808,1
2,trad,real::row_0041,row_0041,strl5n,0,0,3562335894,1
2,trad,real::row_0054,row_0054,18zfl4h,1,1,1976554034,1
2,trad,real::row_0069,row_0069,cike20,0,0,1527298225,1
2,trad,real::row_0088,row_0088,b6e6ms,0,0,3109414470,1
2,trad,real::row_0089,row_0089,1bi00kp,2,2,4132219687,1
2,trad,real::row_0093,row_0093,e8zm2q,0,1,910950431,1
2,trad,real::row_0095,row_0095,mze6pl,0,0,3548538861,1
2,trad,real::row_0098,row_0098,6vc0f3,2,2,87885981,1
2,trad,real::row_0099,row_0099,yu7tql,1,1,1863767821,1
2,trad,real::row_0100,row_0100,jolozl,1,1,1247874094,1
2,trad,real::row_0131,row_0131,ohor1g,0,0,3002594356,1
2,trad,real::row_0136,row_0136,xrht0w,2,2,3649025765,1
2,trad,real::row_0143,row_0143,ohor1g,0,0,2678604457,1
2,trad,real::row_0145,row_0145,tze4ne,0,0,198874105,1
2,trad,real::row_0149,row_0149,1bi00kp,2,2,1922595003,1
2,trad,real::row_0150,row_0150,3sv3mn,2,2,2714751666,1
2,trad,real::row_0161,row_0161,yo0pll,0,2,3277133321,1
2,trad,real::row_0163,row_0163,v6ujxy,0,0,3383863308,1
2,trad,real::row_0166,row_0166,3csh6r,0,0,3256196766,1
2,trad,real::row_0173,row_0173,g2i260,0,1,4169427241,1
2,trad,real::row_0174,row_0174,aetft2,0,2,2420774259,1
2,trad,real::row_0187,row_0187,jzj6pj,0,0,2168033958,1
2,trad,real::row_0199,row_0199,ernj0t,2,2,973800859,1
2,trad,real::row_0200,row_0200,7jxcep,0,0,2886036399,1
2,trad,real::row_0203,row_0203,s94r2c,0,1,723906433,1
2,trad,real::row_0210,row_0210,cike20,0,0,3493959039,1
2,trad,real::row_0213,row_0213,ijn10v,0,2,4097681076,1
2,trad,real::row_0218,row_0218,16ttbm2,0,2,3605545840,1
2,trad,real::row_0227,row_0227,17xg93z,0,2,3938280259,1
2,trad,real::row_0229,row_0229,kd6wad,0,0,2235270176,1
2,trad,real::row_0235,row_0235,y32mr4,0,1,4187998457,1
2,trad,real::row_0236,row_0236,15t6vlr,0,2,1937313787,1
2,trad,real::row_0241,row_0241,y32mr4,0,1,1578506362,1
2,trad,real::row_0244,row_0244,eb3vwm,2,0,2220522033,1
2,trad,real::row_0248,row_0248,kdbrsm,2,2,3532348772,1
2,trad,real::row_0264,row_0264,cike20,0,0,2016102890,1
2,trad,real::row_0265,row_0265,kd6wad,0,0,2418839298,1
2,trad,real::row_0269,row_0269,ernj0t,2,2,3903111004,1
2,trad,real::row_0274,row_0274,l10i28,0,0,2649507464,1
2,trad,real::row_0276,row_0276,12pzk4f,0,0,1855822925,1
2,trad,real::row_0277,row_0277,r96mp0,0,2,679257394,1
2,trad,real::row_0285,row_0285,x6giex,2,2,213066146,1
2,trad,real::row_0289,row_0289,15kvu7h,0,0,2664093594,1
2,trad,real::row_0300,row_0300,18672j6,1,1,3420967450,1
2,trad,real::row_0301,row_0301,tk0du1,2,0,412678447,5
2,trad,real::row_0317,row_0317,15ld416,0,1,1097240908,2
2,trad,real::row_0345,row_0345,ap0dfu,2,2,4047746689,1
2,trad,real::row_0351,row_0351,r96mp0,2,2,3763506321,1
2,trad,real::row_0353,row_0353,f8cko2,0,0,3695911760,1
2,trad,real::row_0354,row_0354,a3o5uc,1,1,275852764,1
2,trad,real::row_0356,row_0356,18672j6,0,1,3322012342,2
2,trad,real::row_0367,row_0367,vhii9e,0,2,3725127385,8
2,trad,real::row_0369,row_0369,cn2rhj,0,0,3838774731,1
2,trad,real::row_0373,row_0373,kd6wad,0,0,3596784717,1
2,trad,real::row_0376,row_0376,16goxmj,2,2,4167278571,4
2,trad,real::row_0377,row_0377,1b3060q,0,1,2315098491,1
2,trad,real::row_0378,row_0378,cike20,0,0,4220398616,1
2,trad,real::row_0381,row_0381,f8cko2,0,0,2347563472,1
2,trad,real::row_0382,row_0382,5bnqqq,0,2,1259137570,1
2,trad,real::row_0388,row_0388,hkimr0,2,2,3067196982,1
2,trad,real::row_0395,row_0395,bgrxt4,2,1,2873336543,1
2,trad,real::row_0400,row_0400,18672j6,0,1,3801430886,1
2,trad,real::row_0401,row_0401,d8o6d6,0,1,3646411578,1
2,trad,real::row_0414,row_0414,1eijmn9,2,2,3232363564,1
2,trad,real::row_0418,row_0418,12vwf74,0,0,3210336774,1
2,trad,real::row_0422,row_0422,15ld416,0,1,1644014277,1
2,trad,real::row_0423,row_0423,jgmvik,2,2,540671512,1
2,trad,real::row_0427,row_0427,cike20,0,1,1600651404,1
2,trad,real::row_0432,row_0432,ot9v0b,0,2,4119821610,1
2,trad,real::row_0437,row_0437,dj64qg,0,0,4017441435,2
2,trad,real::row_0438,row_0438,12vwf74,0,0,3327227721,1
2,trad,real::row_0443,row_0443,p8sjht,2,2,439393532,1
2,trad,real::row_0447,row_0447,thgati,0,0,4135797616,1
2,trad,real::row_0450,row_0450,afa832,0,2,3106616953,1
2,trad,real::row_0456,row_0456,rxh05u,2,2,2300853767,1
2,trad,real::row_0458,row_0458,gg45of,2,2,3689770056,1
2,trad,real::row_0463,row_0463,18zfl4h,1,1,2730550848,1
2,trad,real::row_0464,row_0464,996kwc,0,0,2533098582,1
2,trad,real::row_0465,row_0465,cike20,0,1,2163615064,1
2,trad,real::row_0469,row_0469,zg1ftt,0,0,1641669978,1
2,trad,real::row_0470,row_0470,zg1ftt,0,0,362880163,1
2,trad,real::row_0473,row_0473,1jjqtsh,2,2,4179578677,1
2,trad,real::row_0474,row_0474,fcusg3,2,2,572537677,1
2,trad,real::row_0475,row_0475,13m1lvo,2,2,3545021888,1
2,trad,real::row_0476,row_0476,w1eisk,0,0,2942133085,1
3,absa,real::row_0001,row_0001,qz34x8,0,0,3641595844,1
3,absa,real::row_0006,row_0006,hkimr0,1,1,3765240143,1
3,absa,real::row_0007,row_0007,hzi5rm,1,1,2695265637,1
3,absa,real::row_0017,row_0017,yu7tql,1,1,3058548180,1
3,absa,real::row_0019,row_0019,gizbls,0,0,700007621,2
3,absa,real::row_0020,row_0020,10hhb4z,0,1,2741526207,1
3,absa,real::row_0022,row_0022,15ld416,1,1,930489486,1
3,absa,real::row_0026,row_0026,179vtsb,1,1,3473017641,1
3,absa,real::row_0031,row_0031,181bh8e,1,1,252237058,1
3,absa,real::row_0033,row_0033,13sgbnq,1,1,507519551,1
3,absa,real::row_0036,row_0036,13u8ap0,0,0,1694966739,1
3,absa,real::row_0041,row_0041,strl5n,0,0,1552142105,1
3,absa,real::row_0054,row_0054,18zfl4h,1,1,1216274171,1
3,absa,real::row_0069,row_0069,cike20,0,0,1604998723,2
3,absa,real::row_0088,row_0088,b6e6ms,0,0,1880258050,1
3,absa,real::row_0089,row_0089,1bi00kp,2,2,1015246106,1
3,absa,real::row_0093,row_0093,e8zm2q,0,2,4135755876,1
3,absa,real::row_0095,row_0095,mze6pl,0,1,1097414979,1
3,absa,real::row_0098,row_0098,6vc0f3,0,2,333712166,1
3,absa,real::row_0099,row_0099,yu7tql,1,1,1835723344,1
3,absa,real::row_0100,row_0100,jolozl,1,1,1154582138,1
3,absa,real::row_0131,row_0131,ohor1g,0,0,2578107227,1
3,absa,real::row_0136,row_0136,xrht0w,1,1,1994769015,1
3,absa,real::row_0143,row_0143,ohor1g,0,0,1939884601,1
3,absa,real::row_0145,row_0145,tze4ne,0,0,999962478,1
3,absa,real::row_0149,row_0149,1bi00kp,2,2,1268773084,1
3,absa,real::row_0150,row_0150,3sv3mn,1,1,2232263237,1
3,absa,real::row_0161,row_0161,yo0pll,0,1,809030976,1
3,absa,real::row_0163,row_0163,v6ujxy,0,0,2330711386,1
3,absa,real::row_0166,row_0166,3csh6r,0,0,81443365,1
3,absa,real::row_0173,row_0173,g2i260,0,0,487859105,1
3,absa,real::row_0174,row_0174,aetft2,0,0,2849790217,1
3,absa,real::row_0187,row_0187,jzj6pj,0,0,2985966828,1
3,absa,real::row_0199,row_0199,ernj0t,0,0,3436606308,1
3,absa,real::row_0200,row_0200,7jxcep,0,1,532217325,1
3,absa,real::row_0203,row_0203,s94r2c,1,1,2515685278,1
3,absa,real::row_0210,row_0210,cike20,0,0,649512356,1
3,absa,real::row_0213,row_0213,ijn10v,0,1,2121429328,1
3,absa,real::row_0218,row_0218,16ttbm2,0,0,1513781978,1
3,absa,real::row_0227,row_0227,17xg93z,0,0,2011679027,1
3,absa,real::row_0229,row_0229,kd6wad,0,1,3830385549,1
3,absa,real::row_0235,row_0235,y32mr4,1,1,3701157406,1
3,absa,real::row_0236,row_0236,15t6vlr,0,0,2751797366,1
3,absa,real::row_0241,row_0241,y32mr4,1,1,2111050924,1
3,absa,real::row_0244,row_0244,eb3vwm,2,1,1517640967,1
3,absa,real::row_0248,row_0248,kdbrsm,0,0,704753307,1
3,absa,real::row_0264,row_0264,cike20,0,1,3791704074,1
3,absa,real::row_0265,row_0265,kd6wad,1,1,3011065779,1
3,absa,real::row_0269,row_0269,ernj0t,0,1,3354834222,4
3,absa,real::row_0274,row_0274,l10i28,0,1,3816369443,2
3,absa,real::row_0276,row_0276,12pzk4f,0,0,453620223,3
3,absa,real::row_0277,row_0277,r96mp0,0,0,2240090531,1
3,absa,real::row_0285,row_0285,x6giex,2,2,2906916169,1
3,absa,real::row_0289,row_0289,15kvu7h,1,1,3785961533,3
3,absa,real::row_0300,row_0300,18672j6,1,1,4149356315,1
3,absa,real::row_0301,row_0301,tk0du1,1,1,1888143848,1
3,absa,real::row_0317,row_0317,15ld416,0,1,3979898548,1
3,absa,real::row_0345,row_0345,ap0dfu,2,2,3060414427,1
3,absa,real::row_0351,row_0351,r96mp0,0,0,3673370614,1
3,absa,real::row_0353,row_0353,f8cko2,0,0,2031023233,1
3,absa,real::row_0354,row_0354,a3o5uc,1,1,2130878932,1
3,absa,real::row_0356,row_0356,18672j6,0,1,1614644827,1
3,absa,real::row_0367,row_0367,vhii9e,0,1,1013605804,1
3,absa,real::row_0369,row_0369,cn2rhj,0,0,3316629850,1
3,absa,real::row_0373,row_0373,kd6wad,0,1,1612475094,1
3,absa,real::row_0376,row_0376,16goxmj,0,0,585482716,1
3,absa,real::row_0377,row_0377,1b3060q,0,1,3727945010,1
3,absa,real::row_0378,row_0378,cike20,0,0,2514299904,1
3,absa,real::row_0381,row_0381,f8cko2,0,0,2853401085,1
3,absa,real::row_0382,row_0382,5bnqqq,0,0,52507416,1
3,absa,real::row_0388,row_0388,hkimr0,1,1,2898620493,1
3,absa,real::row_0395,row_0395,bgrxt4,1,1,1244750153,1
3,absa,real::row_0400,row_0400,18672j6,0,1,1548415069,1
3,absa,real::row_0401,row_0401,d8o6d6,0,0,112900493,1
3,absa,real::row_0414,row_0414,1eijmn9,0,0,158832993,1
3,absa,real::row_0418,row_0418,12vwf74,0,0,1419916831,2
3,absa,real::row_0422,row_0422,15ld416,1,1,2174738827,1
3,absa,real::row_0423,row_0423,jgmvik,2,0,1924932685,1
3,absa,real::row_0427,row_0427,cike20,0,1,2948347215,1
3,absa,real::row_0432,row_0432,ot9v0b,0,0,2241673211,1
3,absa,real::row_0437,row_0437,dj64qg,2,2,3364695975,1
3,absa,real::row_0438,row_0438,12vwf74,0,1,1763318705,1
3,absa,real::row_0443,row_0443,p8sjht,0,0,1112560981,1
3,absa,real::row_0447,row_0447,thgati,2,2,2535808936,1
3,absa,real::row_0450,row_0450,afa832,1,1,1134257873,1
3,absa,real::row_0456,row_0456,rxh05u,0,0,3548721111,1
3,absa,real::row_0458,row_0458,gg45of,1,1,3359602339,1
3,absa,real::row_0463,row_0463,18zfl4h,1,1,3933592006,1
3,absa,real::row_0464,row_0464,996kwc,0,1,1679405791,1
3,absa,real::row_0465,row_0465,cike20,0,1,4281551669,1
3,absa,real::row_0469,row_0469,zg1ftt,0,0,2699249785,1
3,absa,real::row_0470,row_0470,zg1ftt,0,0,2526368053,1
3,absa,real::row_0473,row_0473,1jjqtsh,2,2,71080199,1
3,absa,real::row_0474,row_0474,fcusg3,0,0,4240029573,1
3,absa,real::row_0475,row_0475,13m1lvo,0,0,977393024,1
3,absa,real::row_0476,row_0476,w1eisk,0,0,1267207031,1
3,trad,real::row_0001,row_0001,qz34x8,0,0,846488308,1
3,trad,real::row_0006,row_0006,hkimr0,0,2,2005153016,1
3,trad,real::row_0007,row_0007,hzi5rm,0,2,3293741544,2
3,trad,real::row_0017,row_0017,yu7tql,0,1,114859326,1
3,trad,real::row_0019,row_0019,gizbls,0,0,1050828794,1
3,trad,real::row_0020,row_0020,10hhb4z,0,0,326493141,5
3,trad,real::row_0022,row_0022,15ld416,0,1,2696181765,1
3,trad,real::row_0026,row_0026,179vtsb,1,1,2321226761,1
3,trad,real::row_0031,row_0031,181bh8e,2,2,2594690259,1
3,trad,real::row_0033,row_0033,13sgbnq,2,2,1669729379,1
3,trad,real::row_0036,row_0036,13u8ap0,0,2,1065204806,1
3,trad,real::row_0041,row_0041,strl5n,0,0,2441478881,1
3,trad,real::row_0054,row_0054,18zfl4h,1,1,3876460583,1
3,trad,real::row_0069,row_0069,cike20,0,0,451910615,1
3,trad,real::row_0088,row_0088,b6e6ms,0,0,4027582713,1
3,trad,real::row_0089,row_0089,1bi00kp,2,2,310176795,1
3,trad,real::row_0093,row_0093,e8zm2q,0,0,724658878,1
3,trad,real::row_0095,row_0095,mze6pl,0,0,3234273883,1
3,trad,real::row_0098,row_0098,6vc0f3,2,2,1818403409,1
3,trad,real::row_0099,row_0099,yu7tql,1,1,2600372876,1
3,trad,real::row_0100,row_0100,jolozl,1,1,2650602648,1
3,trad,real::row_0131,row_0131,ohor1g,0,0,3257199594,1
3,trad,real::row_0136,row_0136,xrht0w,2,2,3424949625,1
3,trad,real::row_0143,row_0143,ohor1g,0,0,2898670179,1
3,trad,real::row_0145,row_0145,tze4ne,0,0,488579053,1
3,trad,real::row_0149,row_0149,1bi00kp,2,2,1125505786,1
3,trad,real::row_0150,row_0150,3sv3mn,2,2,526825017,1
3,trad,real::row_0161,row_0161,yo0pll,0,2,2563938220,1
3,trad,real::row_0163,row_0163,v6ujxy,0,0,1196094513,1
3,trad,real::row_0166,row_0166,3csh6r,0,0,1429680712,1
3,trad,real::row_0173,row_0173,g2i260,0,1,3288463271,1
3,trad,real::row_0174,row_0174,aetft2,0,2,3038272663,1
3,trad,real::row_0187,row_0187,jzj6pj,0,0,1047526863,1
3,trad,real::row_0199,row_0199,ernj0t,2,2,3548870564,1
3,trad,real::row_0200,row_0200,7jxcep,0,0,3762664818,1
3,trad,real::row_0203,row_0203,s94r2c,0,1,4053057063,1
3,trad,real::row_0210,row_0210,cike20,0,0,373853622,1
3,trad,real::row_0213,row_0213,ijn10v,0,2,3938625874,1
3,trad,real::row_0218,row_0218,16ttbm2,0,2,3533051073,1
3,trad,real::row_0227,row_0227,17xg93z,0,2,2690871628,1
3,trad,real::row_0229,row_0229,kd6wad,0,0,379922650,1
3,trad,real::row_0235,row_0235,y32mr4,0,1,1185883496,1
3,trad,real::row_0236,row_0236,15t6vlr,0,2,1983731248,1
3,trad,real::row_0241,row_0241,y32mr4,0,1,2511337042,1
3,trad,real::row_0244,row_0244,eb3vwm,2,0,1278019293,1
3,trad,real::row_0248,row_0248,kdbrsm,2,2,3972619356,1
3,trad,real::row_0264,row_0264,cike20,0,0,3521888093,1
3,trad,real::row_0265,row_0265,kd6wad,0,0,1305650336,1
3,trad,real::row_0269,row_0269,ernj0t,2,2,3303664803,1
3,trad,real::row_0274,row_0274,l10i28,0,0,372347399,1
3,trad,real::row_0276,row_0276,12pzk4f,0,0,290458508,2
3,trad,real::row_0277,row_0277,r96mp0,0,2,2754993251,1
3,trad,real::row_0285,row_0285,x6giex,2,2,637287896,1
3,trad,real::row_0289,row_0289,15kvu7h,0,0,3774000480,1
3,trad,real::row_0300,row_0300,18672j6,1,1,2880456818,1
3,trad,real::row_0301,row_0301,tk0du1,2,0,2405614807,3
3,trad,real::row_0317,row_0317,15ld416,0,1,3753382813,1
3,trad,real::row_0345,row_0345,ap0dfu,2,2,2326129231,1
3,trad,real::row_0351,row_0351,r96mp0,2,2,1634319225,1
3,trad,real::row_0353,row_0353,f8cko2,0,0,3932082593,1
3,trad,real::row_0354,row_0354,a3o5uc,1,1,1195737814,1
3,trad,real::row_0356,row_0356,18672j6,0,1,3603833466,1
3,trad,real::row_0367,row_0367,vhii9e,0,2,3140021594,1
3,trad,real::row_0369,row_0369,cn2rhj,0,0,1396401375,1
3,trad,real::row_0373,row_0373,kd6wad,0,0,1126238813,1
3,trad,real::row_0376,row_0376,16goxmj,2,2,2851111718,3
3,trad,real::row_0377,row_0377,1b3060q,0,1,736592859,1
3,trad,real::row_0378,row_0378,cike20,0,0,2643170213,1
3,trad,real::row_0381,row_0381,f8cko2,0,0,3462594907,1
3,trad,real::row_0382,row_0382,5bnqqq,0,2,3715499066,1
3,trad,real::row_0388,row_0388,hkimr0,2,2,3760917495,1
3,trad,real::row_0395,row_0395,bgrxt4,2,1,1463299060,1
3,trad,real::row_0400,row_0400,18672j6,0,1,2529859166,1
3,trad,real::row_0401,row_0401,d8o6d6,0,1,2544654006,1
3,trad,real::row_0414,row_0414,1eijmn9,2,2,1850652175,1
3,trad,real::row_0418,row_0418,12vwf74,0,0,1313331520,1
3,trad,real::row_0422,row_0422,15ld416,0,1,1106100179,2
3,trad,real::row_0423,row_0423,jgmvik,2,2,281799310,1
3,trad,real::row_0427,row_0427,cike20,0,1,3923026776,1
3,trad,real::row_0432,row_0432,ot9v0b,0,2,3314218177,1
3,trad,real::row_0437,row_0437,dj64qg,0,0,1465446130,2
3,trad,real::row_0438,row_0438,12vwf74,0,0,1008986058,1
3,trad,real::row_0443,row_0443,p8sjht,2,2,3109940648,1
3,trad,real::row_0447,row_0447,thgati,0,0,2284499134,1
3,trad,real::row_0450,row_0450,afa832,0,2,1967045849,1
3,trad,real::row_0456,row_0456,rxh05u,2,2,686680392,1
3,trad,real::row_0458,row_0458,gg45of,2,2,3415149564,1
3,trad,real::row_0463,row_0463,18zfl4h,1,1,469630879,1
3,trad,real::row_0464,row_0464,996kwc,0,2,3690953697,1
3,trad,real::row_0465,row_0465,cike20,0,1,434800594,1
3,trad,real::row_0469,row_0469,zg1ftt,0,0,1994516496,1
3,trad,real::row_0470,row_0470,zg1ftt,0,0,2651481244,1
3,trad,real::row_0473,row_0473,1jjqtsh,2,2,127922749,1
3,trad,real::row_0474,row_0474,fcusg3,2,2,4127337511,1
3,trad,real::row_0475,row_0475,13m1lvo,2,2,1826845441,1
3,trad,real::row_0476,row_0476,w1eisk,0,0,3342300251,1
4,absa,real::row_0001,row_0001,qz34x8,0,0,3719325212,1
4,absa,real::row_0006,row_0006,hkimr0,1,1,3496441015,1
4,absa,real::row_0007,row_0007,hzi5rm,1,1,584368513,1
4,absa,real::row_0017,row_0017,yu7tql,1,1,1740693478,1
4,absa,real::row_0019,row_0019,gizbls,0,0,2281097649,1
4,absa,real::row_0020,row_0020,10hhb4z,0,1,2203694690,1
4,absa,real::row_0022,row_0022,15ld416,1,1,3436418575,1
4,absa,real::row_0026,row_0026,179vtsb,1,1,1180547567,1
4,absa,real::row_0031,row_0031,181bh8e,1,1,3409905088,1
4,absa,real::row_0033,row_0033,13sgbnq,1,1,3048548626,1
4,absa,real::row_0036,row_0036,13u8ap0,0,0,1267334494,1
4,absa,real::row_0041,row_0041,strl5n,0,0,906571818,1
4,absa,real::row_0054,row_0054,18zfl4h,1,1,950588458,1
4,absa,real::row_0069,row_0069,cike20,0,0,555164768,2
4,absa,real::row_0088,row_0088,b6e6ms,0,0,363843565,1
4,absa,real::row_0089,row_0089,1bi00kp,2,2,4006360325,1
4,absa,real::row_0093,row_0093,e8zm2q,0,2,1721948139,1
4,absa,real::row_0095,row_0095,mze6pl,0,1,4048072392,1
4,absa,real::row_0098,row_0098,6vc0f3,0,2,3569571478,1
4,absa,real::row_0099,row_0099,yu7tql,1,1,3821996725,1
4,absa,real::row_0100,row_0100,jolozl,1,1,1272330678,1
4,absa,real::row_0131,row_0131,ohor1g,0,0,622457985,1
4,absa,real::row_0136,row_0136,xrht0w,1,1,1045094352,1
4,absa,real::row_0143,row_0143,ohor1g,0,0,2158352172,1
4,absa,real::row_0145,row_0145,tze4ne,0,0,1194734273,1
4,absa,real::row_0149,row_0149,1bi00kp,2,2,3219614998,1
4,absa,real::row_0150,row_0150,3sv3mn,1,1,2243716886,1
4,absa,real::row_0161,row_0161,yo0pll,0,1,1763693694,1
4,absa,real::row_0163,row_0163,v6ujxy,0,0,3194154762,1
4,absa,real::row_0166,row_0166,3csh6r,0,0,1278999494,1
4,absa,real::row_0173,row_0173,g2i260,0,0,1266517493,1
4,absa,real::row_0174,row_0174,aetft2,0,0,686660567,1
4,absa,real::row_0187,row_0187,jzj6pj,0,0,55152896,1
4,absa,real::row_0199,row_0199,ernj0t,0,0,1233050785,2
4,absa,real::row_0200,row_0200,7jxcep,0,0,4246321615,1
4,absa,real::row_0203,row_0203,s94r2c,1,1,1220285945,1
4,absa,real::row_0210,row_0210,cike20,0,0,1269952680,1
4,absa,real::row_0213,row_0213,ijn10v,0,1,530519478,2
4,absa,real::row_0218,row_0218,16ttbm2,0,0,4219063654,1
4,absa,real::row_0227,row_0227,17xg93z,0,0,3100653160,10
4,absa,real::row_0229,row_0229,kd6wad,0,1,1910806259,1
4,absa,real::row_0235,row_0235,y32mr4,1,1,2474587569,1
4,absa,real::row_0236,row_0236,15t6vlr,0,0,2726086599,1
4,absa,real::row_0241,row_0241,y32mr4,1,1,2515212970,1
4,absa,real::row_0244,row_0244,eb3vwm,2,1,3400705192,1
4,absa,real::row_0248,row_0248,kdbrsm,0,0,3009813206,1
4,absa,real::row_0264,row_0264,cike20,0,1,409095915,1
4,absa,real::row_0265,row_0265,kd6wad,1,1,3202053074,1
4,absa,real::row_0269,row_0269,ernj0t,0,1,336448652,1
4,absa,real::row_0274,row_0274,l10i28,0,1,1368098317,1
4,absa,real::row_0276,row_0276,12pzk4f,0,0,3829542172,2
4,absa,real::row_0277,row_0277,r96mp0,0,0,982515097,1
4,absa,real::row_0285,row_0285,x6giex,2,2,3323523215,1
4,absa,real::row_0289,row_0289,15kvu7h,1,1,1892141182,1
4,absa,real::row_0300,row_0300,18672j6,1,1,248665750,1
4,absa,real::row_0301,row_0301,tk0du1,1,1,3494989227,1
4,absa,real::row_0317,row_0317,15ld416,0,1,2730552042,1
4,absa,real::row_0345,row_0345,ap0dfu,2,2,3936081237,1
4,absa,real::row_0351,row_0351,r96mp0,0,0,474312213,1
4,absa,real::row_0353,row_0353,f8cko2,0,0,4269658991,1
4,absa,real::row_0354,row_0354,a3o5uc,1,1,1851495843,1
4,absa,real::row_0356,row_0356,18672j6,0,1,2560409891,1
4,absa,real::row_0367,row_0367,vhii9e,0,1,3877326555,1
4,absa,real::row_0369,row_0369,cn2rhj,0,0,3077778525,1
4,absa,real::row_0373,row_0373,kd6wad,0,1,697558136,1
4,absa,real::row_0376,row_0376,16goxmj,0,0,1505158679,1
4,absa,real::row_0377,row_0377,1b3060q,0,1,2580538870,1
4,absa,real::row_0378,row_0378,cike20,0,0,989274258,1
4,absa,real::row_0381,row_0381,f8cko2,0,0,2507709327,1
4,absa,real::row_0382,row_0382,5bnqqq,0,1,2566938006,1
4,absa,real::row_0388,row_0388,hkimr0,1,1,4004795933,1
4,absa,real::row_0395,row_0395,bgrxt4,1,1,3183914578,1
4,absa,real::row_0400,row_0400,18672j6,0,1,2786971892,1
4,absa,real::row_0401,row_0401,d8o6d6,0,0,4142107804,1
4,absa,real::row_0414,row_0414,1eijmn9,0,0,1505389866,1
4,absa,real::row_0418,row_0418,12vwf74,0,1,1306442072,2
4,absa,real::row_0422,row_0422,15ld416,1,1,2961558652,1
4,absa,real::row_0423,row_0423,jgmvik,2,0,2518169375,1
4,absa,real::row_0427,row_0427,cike20,0,1,1014509097,1
4,absa,real::row_0432,row_0432,ot9v0b,0,0,2016828251,1
4,absa,real::row_0437,row_0437,dj64qg,2,2,64201060,1
4,absa,real::row_0438,row_0438,12vwf74,0,1,3032540670,1
4,absa,real::row_0443,row_0443,p8sjht,0,0,3305747668,1
4,absa,real::row_0447,row_0447,thgati,2,2,497286863,1
4,absa,real::row_0450,row_0450,afa832,1,1,798938066,1
4,absa,real::row_0456,row_0456,rxh05u,0,0,3749755376,1
4,absa,real::row_0458,row_0458,gg45of,1,1,869689,1
4,absa,real::row_0463,row_0463,18zfl4h,1,1,1313612795,1
4,absa,real::row_0464,row_0464,996kwc,0,1,1337757053,1
4,absa,real::row_0465,row_0465,cike20,0,1,3698062522,1
4,absa,real::row_0469,row_0469,zg1ftt,0,0,3699757792,1
4,absa,real::row_0470,row_0470,zg1ftt,0,0,2029724709,1
4,absa,real::row_0473,row_0473,1jjqtsh,2,2,219952295,1
4,absa,real::row_0474,row_0474,fcusg3,0,0,2391178683,1
4,absa,real::row_0475,row_0475,13m1lvo,0,0,3016040896,1
4,absa,real::row_0476,row_0476,w1eisk,0,0,455136272,1
4,trad,real::row_0001,row_0001,qz34x8,0,0,3130474694,1
4,trad,real::row_0006,row_0006,hkimr0,0,2,1880964246,1
4,trad,real::row_0007,row_0007,hzi5rm,0,2,2875196438,1
4,trad,real::row_0017,row_0017,yu7tql,0,1,4035803392,1
4,trad,real::row_0019,row_0019,gizbls,0,0,1365385514,1
4,trad,real::row_0020,row_0020,10hhb4z,0,1,889772634,2
4,trad,real::row_0022,row_0022,15ld416,0,1,4055754055,1
4,trad,real::row_0026,row_0026,179vtsb,1,1,2447982448,1
4,trad,real::row_0031,row_0031,181bh8e,2,2,207588494,1
4,trad,real::row_0033,row_0033,13sgbnq,2,2,3603854346,1
4,trad,real::row_0036,row_0036,13u8ap0,0,2,246473860,1
4,trad,real::row_0041,row_0041,strl5n,0,0,54593918,1
4,trad,real::row_0054,row_0054,18zfl4h,1,1,864228871,1
4,trad,real::row_0069,row_0069,cike20,0,0,3193634614,1
4,trad,real::row_0088,row_0088,b6e6ms,0,0,1363030184,1
4,trad,real::row_0089,row_0089,1bi00kp,2,2,655514345,1
4,trad,real::row_0093,row_0093,e8zm2q,0,1,2484555015,1
4,trad,real::row_0095,row_0095,mze6pl,0,0,1303503632,1
4,trad,real::row_0098,row_0098,6vc0f3,2,2,367991860,1
4,trad,real::row_0099,row_0099,yu7tql,1,1,3160084632,1
4,trad,real::row_0100,row_0100,jolozl,1,1,566949959,1
4,trad,real::row_0131,row_0131,ohor1g,0,0,2161771464,1
4,trad,real::row_0136,row_0136,xrht0w,2,2,3997350493,1
4,trad,real::row_0143,row_0143,ohor1g,0,0,2504431628,1
4,trad,real::row_0145,row_0145,tze4ne,0,0,988577535,1
4,trad,real::row_0149,row_0149,1bi00kp,2,2,4099191180,1
4,trad,real::row_0150,row_0150,3sv3mn,2,2,583878815,1
4,trad,real::row_0161,row_0161,yo0pll,0,2,1869103140,1
4,trad,real::row_0163,row_0163,v6ujxy,0,0,4172754861,1
4,trad,real::row_0166,row_0166,3csh6r,0,0,533404402,1
4,trad,real::row_0173,row_0173,g2i260,0,1,492799218,1
4,trad,real::row_0174,row_0174,aetft2,0,2,2109268683,1
4,trad,real::row_0187,row_0187,jzj6pj,0,0,3451823985,1
4,trad,real::row_0199,row_0199,ernj0t,2,2,1171012295,1
4,trad,real::row_0200,row_0200,7jxcep,0,0,484634343,1
4,trad,real::row_0203,row_0203,s94r2c,0,1,645369162,1
4,trad,real::row_0210,row_0210,cike20,0,0,2551854089,2
4,trad,real::row_0213,row_0213,ijn10v,0,2,1107693681,1
4,trad,real::row_0218,row_0218,16ttbm2,0,2,4206653609,1
4,trad,real::row_0227,row_0227,17xg93z,0,2,379488168,1
4,trad,real::row_0229,row_0229,kd6wad,0,0,3217377658,1
4,trad,real::row_0235,row_0235,y32mr4,0,1,3873814808,1
4,trad,real::row_0236,row_0236,15t6vlr,0,2,2538621450,1
4,trad,real::row_0241,row_0241,y32mr4,0,1,4180956104,1
4,trad,real::row_0244,row_0244,eb3vwm,2,0,2523099961,1
4,trad,real::row_0248,row_0248,kdbrsm,2,2,1801778886,1
4,trad,real::row_0264,row_0264,cike20,0,0,3655677945,1
4,trad,real::row_0265,row_0265,kd6wad,0,0,1374513447,1
4,trad,real::row_0269,row_0269,ernj0t,2,2,3869100491,1
4,trad,real::row_0274,row_0274,l10i28,0,0,4194110742,1
4,trad,real::row_0276,row_0276,12pzk4f,0,0,2904186331,2
4,trad,real::row_0277,row_0277,r96mp0,0,2,3540990918,1
4,trad,real::row_0285,row_0285,x6giex,2,2,909527485,1
4,trad,real::row_0289,row_0289,15kvu7h,0,0,2109336624,1
4,trad,real::row_0300,row_0300,18672j6,1,1,3538038040,1
4,trad,real::row_0301,row_0301,tk0du1,2,0,1776649915,66
4,trad,real::row_0317,row_0317,15ld416,0,1,331435467,1
4,trad,real::row_0345,row_0345,ap0dfu,2,2,1863833008,1
4,trad,real::row_0351,row_0351,r96mp0,2,2,3664411030,1
4,trad,real::row_0353,row_0353,f8cko2,0,0,2394993021,2
4,trad,real::row_0354,row_0354,a3o5uc,1,1,3417885651,1
4,trad,real::row_0356,row_0356,18672j6,0,1,2374278696,1
4,trad,real::row_0367,row_0367,vhii9e,0,2,2913471216,9
4,trad,real::row_0369,row_0369,cn2rhj,0,0,204892681,1
4,trad,real::row_0373,row_0373,kd6wad,0,0,357952082,1
4,trad,real::row_0376,row_0376,16goxmj,2,2,1563202596,11
4,trad,real::row_0377,row_0377,1b3060q,0,1,645794240,1
4,trad,real::row_0378,row_0378,cike20,0,1,1747806316,1
4,trad,real::row_0381,row_0381,f8cko2,0,0,2727000030,1
4,trad,real::row_0382,row_0382,5bnqqq,0,2,94587335,1
4,trad,real::row_0388,row_0388,hkimr0,2,2,4102470070,1
4,trad,real::row_0395,row_0395,bgrxt4,2,1,1635614413,1
4,trad,real::row_0400,row_0400,18672j6,0,1,1648975683,1
4,trad,real::row_0401,row_0401,d8o6d6,0,1,43959933,1
4,trad,real::row_0414,row_0414,1eijmn9,2,2,1933933446,1
4,trad,real::row_0418,row_0418,12vwf74,0,0,521502695,1
4,trad,real::row_0422,row_0422,15ld416,0,1,2835427687,2
4,trad,real::row_0423,row_0423,jgmvik,2,2,3456493976,1
4,trad,real::row_0427,row_0427,cike20,0,1,2510980118,1
4,trad,real::row_0432,row_0432,ot9v0b,0,2,430322053,1
4,trad,real::row_0437,row_0437,dj64qg,0,0,2320978520,2
4,trad,real::row_0438,row_0438,12vwf74,0,0,4215089957,1
4,trad,real::row_0443,row_0443,p8sjht,2,2,659832613,1
4,trad,real::row_0447,row_0447,thgati,0,0,878583048,1
4,trad,real::row_0450,row_0450,afa832,0,2,3052330619,1
4,trad,real::row_0456,row_0456,rxh05u,2,2,981444845,1
4,trad,real::row_0458,row_0458,gg45of,2,2,1569567955,1
4,trad,real::row_0463,row_0463,18zfl4h,1,1,4014104371,1
4,trad,real::row_0464,row_0464,996kwc,0,2,1577913499,1
4,trad,real::row_0465,row_0465,cike20,0,1,2018032828,1
4,trad,real::row_0469,row_0469,zg1ftt,0,0,1393626324,1
4,trad,real::row_0470,row_0470,zg1ftt,0,0,4057605242,1
4,trad,real::row_0473,row_0473,1jjqtsh,2,2,1458363413,1
4,trad,real::row_0474,row_0474,fcusg3,2,2,1481338528,1
4,trad,real::row_0475,row_0475,13m1lvo,2,2,1375549585,1
4,trad,real::row_0476,row_0476,w1eisk,0,0,1043373362,1
