task,instance_id,source_row_id,post_id,true_label,predicted_label,aspect,seed,successful_attempt,thinking_present,thinking_chars
trad,real::row_0001,row_0001,qz34x8,0,0,marijuana,2117351779,1,True,1189
trad,real::row_0006,row_0006,hkimr0,0,2,cbd,950988040,1,True,2625
trad,real::row_0007,row_0007,hzi5rm,0,2,marijuana,517533840,1,True,1932
trad,real::row_0017,row_0017,yu7tql,0,1,cbd,3399741900,1,True,1306
trad,real::row_0019,row_0019,gizbls,0,0,marijuana,557751466,1,True,1669
trad,real::row_0020,row_0020,10hhb4z,0,1,hemp,3014797250,1,True,3176
trad,real::row_0022,row_0022,15ld416,0,1,cannabis,2424776227,1,True,2471
trad,real::row_0026,row_0026,179vtsb,1,1,cbd,3862450182,1,True,1808
trad,real::row_0031,row_0031,181bh8e,2,2,weed,3517931683,1,True,1609
trad,real::row_0033,row_0033,13sgbnq,2,2,cbd,2603641986,1,True,1873
trad,real::row_0036,row_0036,13u8ap0,0,2,cbd,890641379,1,True,1983
trad,real::row_0041,row_0041,strl5n,0,0,cbd,4014666386,1,True,2042
trad,real::row_0054,row_0054,18zfl4h,1,1,cbd,3188141779,1,True,1691
trad,real::row_0069,row_0069,cike20,0,0,sativa,1893297079,1,True,1976
trad,real::row_0088,row_0088,b6e6ms,0,0,cbd,1068706370,1,True,1710
trad,real::row_0089,row_0089,1bi00kp,2,2,thc,1088217696,1,True,1874
trad,real::row_0093,row_0093,e8zm2q,0,1,thc,789242964,2,True,2507
trad,real::row_0095,row_0095,mze6pl,0,0,marijuana,3317532612,1,True,2321
trad,real::row_0098,row_0098,6vc0f3,2,2,cbd,1467125123,1,True,2863
trad,real::row_0099,row_0099,yu7tql,1,1,cannabis,1489081915,1,True,1816
trad,real::row_0100,row_0100,jolozl,1,1,cannabis,749487573,1,True,2333
trad,real::row_0131,row_0131,ohor1g,0,0,cbd,1888812977,1,True,2065
trad,real::row_0136,row_0136,xrht0w,2,2,marijuana,2266314958,1,True,2158
trad,real::row_0143,row_0143,ohor1g,0,0,cbd,518567620,1,True,2050
trad,real::row_0145,row_0145,tze4ne,0,0,cannabis,963127090,1,True,1419
trad,real::row_0149,row_0149,1bi00kp,2,2,thc,792143518,1,True,1750
trad,real::row_0150,row_0150,3sv3mn,2,2,marijuana,3122272636,1,True,2290
trad,real::row_0161,row_0161,yo0pll,0,2,pot,1395586588,1,True,1652
trad,real::row_0163,row_0163,v6ujxy,0,0,marijuana usage,2716061719,1,True,2934
trad,real::row_0166,row_0166,3csh6r,0,0,marijuana,3667049130,1,True,1061
trad,real::row_0173,row_0173,g2i260,0,1,thc,2411697569,1,True,2240
trad,real::row_0174,row_0174,aetft2,0,2,cbd,4192092686,1,True,2963
trad,real::row_0187,row_0187,jzj6pj,0,0,thc,2903341516,1,True,984
trad,real::row_0199,row_0199,ernj0t,2,2,cbd,1392060172,1,True,1751
trad,real::row_0200,row_0200,7jxcep,0,0,marijuana,1677091528,1,True,1885
trad,real::row_0203,row_0203,s94r2c,0,1,marijuana,3981358259,1,True,1576
trad,real::row_0210,row_0210,cike20,0,0,epidiolex,3780033864,1,True,2256
trad,real::row_0213,row_0213,ijn10v,0,2,cbd,1377921041,1,True,1913
trad,real::row_0218,row_0218,16ttbm2,0,2,thc,1037017509,1,True,2299
trad,real::row_0227,row_0227,17xg93z,0,2,cannabis,2331849857,1,True,2417
trad,real::row_0229,row_0229,kd6wad,0,0,cbd,3348161909,1,True,1947
trad,real::row_0235,row_0235,y32mr4,0,1,cannabis,3588945210,1,True,1586
trad,real::row_0236,row_0236,15t6vlr,0,2,weed,787511582,1,True,2278
trad,real::row_0241,row_0241,y32mr4,0,1,thc,3767000205,1,True,2064
trad,real::row_0244,row_0244,eb3vwm,2,0,weed,3986408063,1,True,2647
trad,real::row_0248,row_0248,kdbrsm,2,2,cannabis,3805539591,1,True,1567
trad,real::row_0264,row_0264,cike20,0,0,cannabis,2853080836,1,True,2190
trad,real::row_0265,row_0265,kd6wad,0,0,cbd,2162403452,1,True,2029
trad,real::row_0269,row_0269,ernj0t,2,2,thc,1646519896,1,True,1260
trad,real::row_0274,row_0274,l10i28,0,0,cbd,120077435,1,True,2019
trad,real::row_0276,row_0276,12pzk4f,0,0,marijuana,1131675158,6,True,3329
trad,real::row_0277,row_0277,r96mp0,0,2,marijuana,1565085520,1,True,1956
trad,real::row_0285,row_0285,x6giex,2,2,cannabis,4146033026,1,True,1692
trad,real::row_0289,row_0289,15kvu7h,0,0,cannabis,390150700,1,True,2191
trad,real::row_0300,row_0300,18672j6,1,1,cannabis,1652364412,1,True,2265
trad,real::row_0301,row_0301,tk0du1,2,0,cannabis,2395680676,1,True,3438
trad,real::row_0317,row_0317,15ld416,0,1,cannabis,718212711,2,True,3389
trad,real::row_0345,row_0345,ap0dfu,2,2,cbd,1172235836,1,True,1873
trad,real::row_0351,row_0351,r96mp0,2,2,marijuana,1557878533,1,True,1926
trad,real::row_0353,row_0353,f8cko2,0,0,cbd,3049507111,1,True,3256
trad,real::row_0354,row_0354,a3o5uc,1,1,cannabis,1648909005,1,True,1702
trad,real::row_0356,row_0356,18672j6,0,1,cannabis,2556878459,1,True,3487
trad,real::row_0367,row_0367,vhii9e,0,2,marijuana,3607970242,3,True,3205
trad,real::row_0369,row_0369,cn2rhj,0,0,cbd,2190596551,1,True,2235
trad,real::row_0373,row_0373,kd6wad,0,0,cbd,1166166619,1,True,2280
trad,real::row_0376,row_0376,16goxmj,2,1,cannabis,308547295,30,True,2726
trad,real::row_0377,row_0377,1b3060q,0,1,cannabis,1686237480,1,True,1105
trad,real::row_0378,row_0378,cike20,0,0,thc,3811192433,1,True,2066
trad,real::row_0381,row_0381,f8cko2,0,0,cbd,3553396857,1,True,3053
trad,real::row_0382,row_0382,5bnqqq,0,2,weed,3342955939,1,True,2069
trad,real::row_0388,row_0388,hkimr0,2,2,cbd,998236617,1,True,1870
trad,real::row_0395,row_0395,bgrxt4,2,1,cbd,3448419117,1,True,2027
trad,real::row_0400,row_0400,18672j6,0,1,thca,3531511504,2,True,2454
trad,real::row_0401,row_0401,d8o6d6,0,1,cannabinoids,2518039082,1,True,2087
trad,real::row_0414,row_0414,1eijmn9,2,2,cannabis,2642126752,1,True,1960
trad,real::row_0418,row_0418,12vwf74,0,0,cannabis user,3115893687,1,True,2036
trad,real::row_0422,row_0422,15ld416,0,1,cannabis,1263477,2,True,3562
trad,real::row_0423,row_0423,jgmvik,2,2,cbd,2230381208,1,True,1817
trad,real::row_0427,row_0427,cike20,0,1,cannabis,972115977,1,True,2599
trad,real::row_0432,row_0432,ot9v0b,0,2,cbd,2579732300,1,True,2562
trad,real::row_0437,row_0437,dj64qg,0,0,cannabis,3622013780,1,True,3085
trad,real::row_0438,row_0438,12vwf74,0,0,weed,3671135226,1,True,2353
trad,real::row_0443,row_0443,p8sjht,2,2,cbd,2475987531,1,True,2119
trad,real::row_0447,row_0447,thgati,0,0,marijuana,4225951597,1,True,2080
trad,real::row_0450,row_0450,afa832,0,2,weed,1729517943,1,True,2457
trad,real::row_0456,row_0456,rxh05u,2,2,cannabis,824560611,1,True,1661
trad,real::row_0458,row_0458,gg45of,2,2,cbd,2901797883,1,True,2538
trad,real::row_0463,row_0463,18zfl4h,1,1,cbg,1705260314,1,True,1540
trad,real::row_0464,row_0464,996kwc,0,2,marijuana,211693080,3,True,3394
trad,real::row_0465,row_0465,cike20,0,1,sativa,2343342716,1,True,1725
trad,real::row_0469,row_0469,zg1ftt,0,0,cannabis,2967913518,1,True,1434
trad,real::row_0470,row_0470,zg1ftt,0,0,cannabis,2790245679,1,True,1621
trad,real::row_0473,row_0473,1jjqtsh,2,2,cbd,2426995407,1,True,1679
trad,real::row_0474,row_0474,fcusg3,2,2,thc,1858420076,1,True,2537
trad,real::row_0475,row_0475,13m1lvo,2,2,cannabis,1286738108,1,True,2830
trad,real::row_0476,row_0476,w1eisk,0,0,medical marijuana,2244417846,1,True,1721
